"year","constructorId","positionNumber","positionText","bestStartingGridPosition","bestRaceResult","totalRaceEntries","totalRaceStarts","totalRaceWins","total1And2Finishes","totalRaceLaps","totalPodiums","totalPodiumRaces","totalPoints","totalPolePositions","totalFastestLaps"
1950,"alfa-romeo",,,1,1,6,6,6,4,1005,12,6,89,6,6
1950,"kurtis-kraft",,,1,1,1,1,1,0,1492,1,1,14,1,1
1950,"maserati",,,3,3,7,7,0,0,1220,1,1,11,0,0
1950,"talbot-lago",,,4,3,6,6,0,0,1264,2,2,20,0,0
1950,"marchese",,,16,11,1,1,0,0,133,0,0,0,0,0
1950,"deidt",,,3,2,1,1,0,0,304,2,1,10,0,0
1950,"lesovsky",,,4,8,1,1,0,0,265,0,0,0,0,0
1950,"moore",,,23,6,1,1,0,0,136,0,0,0,0,0
1950,"era",,,10,6,3,3,0,0,286,0,0,0,0,0
1950,"watson",,,18,32,1,1,0,0,25,0,0,0,0,0
1950,"ferrari",,,2,2,5,5,0,0,609,3,3,21,0,0
1950,"simca-gordini",,,10,4,3,3,0,0,81,0,0,3,0,0
1950,"snowberger",,,22,26,1,1,0,0,111,0,0,0,0,0
1950,"alta",,,12,9,2,2,0,0,130,0,0,0,0,0
1950,"cooper",,,20,,1,1,0,0,0,0,0,0,0,0
1950,"stevens",,,13,12,1,1,0,0,133,0,0,0,0,0
1950,"olson",,,30,23,1,1,0,0,123,0,0,0,0,0
1950,"ewing",,,27,17,1,1,0,0,128,0,0,0,0,0
1950,"nichels",,,19,9,1,1,0,0,135,0,0,0,0,0
1950,"wetteroth",,,28,24,1,1,0,0,122,0,0,0,0,0
1950,"adams",,,17,27,1,1,0,0,108,0,0,0,0,0
1950,"rae",,,29,22,1,1,0,0,123,0,0,0,0,0
1950,"langley",,,31,16,1,1,0,0,128,0,0,0,0,0
1951,"alfa-romeo",,,1,1,7,7,4,0,1293,9,7,75,4,7
1951,"kurtis-kraft",,,1,1,1,1,1,1,1945,3,1,19,1,1
1951,"maserati",,,15,7,6,6,0,0,300,0,0,0,0,0
1951,"marchese",,,19,20,1,1,0,0,93,0,0,0,0,0
1951,"schroeder",,,29,5,1,1,0,0,273,0,0,2,0,0
1951,"lesovsky",,,21,30,1,1,0,0,29,0,0,0,0,0
1951,"moore",,,17,6,1,1,0,0,200,0,0,0,0,0
1951,"watson",,,30,33,1,1,0,0,8,0,0,0,0,0
1951,"era",,,10,8,1,1,0,0,166,0,0,0,0,0
1951,"brm",,,8,5,2,1,0,0,169,0,0,2,0,0
1951,"trevis",,,20,29,1,1,0,0,29,0,0,0,0,0
1951,"bromme",,,25,27,1,1,0,0,34,0,0,0,0,0
1951,"talbot-lago",,,7,4,7,7,0,0,1582,0,0,5,0,0
1951,"ferrari",,,1,1,7,7,3,1,1435,12,7,86,3,0
1951,"simca-gordini",,,9,6,4,4,0,0,359,0,0,0,0,0
1951,"sherman",,,31,4,1,1,0,0,200,0,0,3,0,0
1951,"kuzma",,,14,15,1,1,0,0,123,0,0,0,0,0
1951,"deidt",,,4,8,1,1,0,0,502,0,0,0,0,0
1951,"hwm",,,14,8,1,1,0,0,63,0,0,0,0,0
1951,"alta",,,18,,1,1,0,0,75,0,0,0,0,0
1951,"hall",,,33,19,1,1,0,0,97,0,0,0,0,0
1951,"osca",,,18,9,1,1,0,0,67,0,0,0,0,0
1951,"pawl",,,27,16,1,1,0,0,110,0,0,0,0,0
1951,"veritas",,,16,,1,1,0,0,0,0,0,0,0,0
1952,"veritas",,,7,7,3,3,0,0,89,0,0,0,0,0
1952,"afm",,,9,9,2,2,0,0,26,0,0,0,0,0
1952,"cooper",,,3,3,6,6,0,0,934,1,1,12,0,0
1952,"simca-gordini",,,11,14,6,5,0,0,140,0,0,0,0,0
1952,"bromme",,,29,22,1,1,0,0,162,0,0,0,0,0
1952,"kurtis-kraft",,,1,2,1,1,0,0,3097,2,1,13,1,1
1952,"lesovsky",,,6,4,1,1,0,0,568,0,0,3,0,0
1952,"nacke",,,30,,1,1,0,0,5,0,0,0,0,0
1952,"deidt",,,30,24,1,1,0,0,93,0,0,0,0,0
1952,"watson",,,26,12,1,1,0,0,200,0,0,0,0,0
1952,"trevis",,,24,16,1,1,0,0,193,0,0,0,0,0
1952,"connaught",,,5,4,3,3,0,0,491,0,0,5,0,0
1952,"ferrari",,,1,1,8,8,7,6,2140,17,7,120.5,7,7
1952,"osca",,,10,,1,1,0,0,0,0,0,0,0,0
1952,"era",,,10,,3,3,0,0,109,0,0,0,0,0
1952,"maserati",,,5,2,6,6,0,0,911,1,1,8.5,0,1
1952,"gordini",,,3,3,7,7,0,0,958,2,2,17,0,0
1952,"heck",,,29,12,1,1,0,0,14,0,0,0,0,0
1952,"sherman",,,13,15,1,1,0,0,197,0,0,0,0,0
1952,"stevens",,,15,14,1,1,0,0,234,0,0,0,0,0
1952,"hwm",,,6,5,7,6,0,0,888,0,0,2,0,0
1952,"kuzma",,,7,1,1,1,1,0,200,1,1,8,0,0
1952,"balsa",,,25,,1,1,0,0,5,0,0,0,0,0
1952,"alta",,,12,12,2,2,0,0,106,0,0,0,0,0
1952,"cisitalia",,,,,1,0,0,0,0,0,0,0,0,0
1952,"aston-butterworth",,,15,,4,2,0,0,19,0,0,0,0,0
1952,"reif",,,23,,1,1,0,0,3,0,0,0,0,0
1952,"frazer-nash",,,7,4,4,4,0,0,221,0,0,3,0,0
1952,"krakau",,,,,1,0,0,0,0,0,0,0,0,0
1953,"kurtis-kraft",,,1,1,1,1,1,1,3319,3,1,24.0,1,1
1953,"kuzma",,,4,9,1,1,0,0,573,0,0,0,0,0
1953,"veritas",,,14,9,2,2,0,0,66,0,0,0,0,0
1953,"cooper",,,9,6,7,7,0,0,935,0,0,0,0,0
1953,"watson",,,15,27,1,1,0,0,76,0,0,0,0,0
1953,"connaught",,,9,7,6,6,0,0,746,0,0,0,0,0
1953,"greifzu",,,26,14,1,1,0,0,16,0,0,0,0,0
1953,"del-roy",,,33,32,1,1,0,0,6,0,0,0,0,0
1953,"ferrari",,,1,1,8,8,7,4,2530,16,8,122.5,6,6
1953,"osca",,,13,10,4,2,0,0,150,0,0,0,0,0
1953,"maserati",,,1,1,8,8,1,0,2096,8,7,65.5,2,4
1953,"gordini",,,4,5,8,8,0,0,1011,0,0,4,0,0
1953,"simca-gordini",,,14,,2,2,0,0,24,0,0,0,0,0
1953,"heck",,,32,15,1,1,0,0,15,0,0,0,0,0
1953,"afm",,,21,14,2,2,0,0,72,0,0,0,0,0
1953,"stevens",,,5,8,1,1,0,0,203,0,0,0,0,0
1953,"hwm",,,11,8,6,6,0,0,576,0,0,0,0,0
1953,"schroeder",,,31,14,1,1,0,0,183,0,0,0,0,0
1953,"bromme",,,11,31,1,1,0,0,14,0,0,0,0,0
1953,"turner",,,23,21,1,1,0,0,146,0,0,0,0,0
1953,"lesovsky",,,27,24,1,1,0,0,94,0,0,0,0,0
1953,"emw",,,24,,1,1,0,0,12,0,0,0,0,0
1954,"bromme",,,29,30,1,1,0,0,104,0,0,0,0,0
1954,"kurtis-kraft",,,1,1,1,1,1,0,3529,2,1,18.0,1,1
1954,"connaught",,,17,11,1,1,0,0,347,0,0,0,0,0
1954,"phillips",,,6,7,1,1,0,0,200,0,0,0,0,0
1954,"cooper",,,18,10,1,1,0,0,135,0,0,0,0,0
1954,"mercedes",,,1,1,6,6,4,1,945,7,5,60.14,4,4
1954,"kuzma",,,3,2,1,1,0,0,596,1,1,6,0,0
1954,"pawl",,,16,22,1,1,0,0,172,0,0,0,0,0
1954,"ferrari",,,1,1,8,8,2,1,1752,12,8,80.28,2,4
1954,"maserati",,,1,1,8,8,2,0,2660,5,4,46.42,1,4
1954,"pankratz",,,7,17,1,1,0,0,194,0,0,0,0,0
1954,"gordini",,,5,5,8,8,0,0,701,0,0,4.14,0,1
1954,"nichels",,,4,24,1,1,0,0,165,0,0,0,0,0
1954,"stevens",,,13,10,1,1,0,0,393,0,0,0,0,0
1954,"klenk",,,21,,1,1,0,0,8,0,0,0,0,0
1954,"hwm",,,15,,1,1,0,0,10,0,0,0,0,0
1954,"schroeder",,,23,25,1,1,0,0,266,0,0,0,0,0
1954,"lancia",,,1,,1,1,0,0,12,0,0,1,1,1
1954,"vanwall",,,11,7,3,2,0,0,91,0,0,0,0,0
1955,"kuzma",,,11,4,1,1,0,0,540,0,0,3,0,0
1955,"maserati",,,3,3,6,6,0,0,1793,2,2,23,0,1
1955,"phillips",,,21,15,1,1,0,0,178,0,0,0,0,0
1955,"kurtis-kraft",,,2,1,1,1,1,1,3007,3,1,21,0,1
1955,"connaught",,,14,,1,1,0,0,67,0,0,0,0,0
1955,"cooper",,,25,,1,1,0,0,30,0,0,0,0,0
1955,"mercedes",,,1,1,6,6,5,4,1207,10,5,79,4,5
1955,"pawl",,,13,22,1,1,0,0,112,0,0,0,0,0
1955,"pankratz",,,15,33,1,1,0,0,10,0,0,0,0,0
1955,"hwm",,,,,1,0,0,0,0,0,0,0,0,0
1955,"gordini",,,9,7,5,5,0,0,631,0,0,0,0,0
1955,"ferrari",,,1,1,6,6,1,0,1379,5,4,33.99,1,0
1955,"stevens",,,1,31,1,1,0,0,40,0,0,0,1,0
1955,"schroeder",,,28,20,1,1,0,0,120,0,0,0,0,0
1955,"trevis",,,31,13,1,1,0,0,338,0,0,0,0,0
1955,"lancia",,,1,2,4,3,0,0,448,1,1,8,1,0
1955,"arzani-volpini",,,,,1,0,0,0,0,0,0,0,0,0
1955,"epperly",,,20,14,1,1,0,0,191,0,0,0,0,0
1955,"vanwall",,,7,9,4,4,0,0,129,0,0,0,0,0
1956,"maserati",,,1,1,7,7,2,0,2738,10,7,72.0,1,3
1956,"kurtis-kraft",,,2,2,1,1,0,0,3083,1,1,9,0,1
1956,"bugatti",,,18,,1,1,0,0,18,0,0,0,0,0
1956,"phillips",,,26,3,1,1,0,0,200,1,1,4,0,0
1956,"cooper",,,22,11,1,1,0,0,88,0,0,0,0,0
1956,"connaught",,,10,3,3,3,0,0,300,1,1,9,0,0
1956,"kuzma",,,6,4,1,1,0,0,1192,0,0,3,0,0
1956,"emeryson",,,23,,1,1,0,0,12,0,0,0,0,0
1956,"gordini",,,11,5,5,5,0,0,674,0,0,2,0,0
1956,"ferrari",,,1,1,7,7,5,3,1472,10,7,80.5,6,4
1956,"stevens",,,30,10,1,1,0,0,199,0,0,0,0,0
1956,"watson",,,1,1,1,1,1,0,200,1,1,8,1,0
1956,"lesovsky",,,21,9,1,1,0,0,200,0,0,0,0,0
1956,"brm",,,3,,2,1,0,0,65,0,0,0,0,0
1956,"vanwall",,,4,4,5,5,0,0,335,0,0,3,0,0
1957,"kuzma",,,2,3,1,1,0,0,838,1,1,4,0,0
1957,"kurtis-kraft",,,1,4,1,1,0,0,2892,0,0,5,1,0
1957,"phillips",,,16,9,1,1,0,0,200,0,0,0,0,0
1957,"cooper",,,13,5,5,5,0,0,492,0,0,2,0,0
1957,"maserati",,,1,1,7,7,4,1,2472,10,6,78,5,3
1957,"connaught",,,13,4,1,1,0,0,149,0,0,3,0,0
1957,"porsche",,,12,12,1,1,0,0,54,0,0,0,0,0
1957,"epperly",,,13,1,1,1,1,1,400,2,1,15,0,1
1957,"dunn",,,30,21,1,1,0,0,111,0,0,0,0,0
1957,"watson",,,3,31,1,1,0,0,13,0,0,0,0,0
1957,"lesovsky",,,14,10,1,1,0,0,227,0,0,0,0,0
1957,"brm",,,11,,3,3,0,0,176,0,0,0,0,0
1957,"ferrari",,,2,2,7,7,0,0,1618,7,4,48,0,1
1957,"vanwall",,,1,1,6,6,3,0,694,4,4,37,2,3
1958,"cooper",3,"3",3,1,10,10,2,0,1624,5,4,38,0,0
1958,"maserati",5,"5",1,4,10,10,0,0,1684,0,0,9,1,1
1958,"connaught",,,17,,2,1,0,0,26,0,0,0,0,0
1958,"phillips",,,13,7,1,1,0,0,200,0,0,0,0,0
1958,"kuzma",,,12,13,1,1,0,0,567,0,0,0,0,0
1958,"epperly",,,7,1,1,1,1,1,800,2,1,20,0,1
1958,"kurtis-kraft",,,4,3,1,1,0,0,1696,1,1,4,0,0
1958,"porsche",,,13,6,2,2,0,0,87,0,0,0,0,0
1958,"lotus",6,"6",5,4,9,9,0,0,674,0,0,3,0,0
1958,"watson",,,1,6,1,1,0,0,400,0,0,0,1,0
1958,"dunn",,,29,24,1,1,0,0,38,0,0,0,0,0
1958,"lesovsky",,,10,20,1,1,0,0,114,0,0,0,0,0
1958,"osca",,,,,1,0,0,0,0,0,0,0,0,0
1958,"brm",4,"4",2,2,9,9,0,0,812,2,1,24,0,0
1958,"ferrari",2,"2",1,1,10,10,2,1,1531,14,8,93,4,6
1958,"vanwall",1,"1",1,1,9,9,6,0,921,9,7,68,5,3
1959,"cooper",1,"1",1,1,8,8,5,2,2741,13,7,97.5,5,5
1959,"kuzma",,,2,10,1,1,0,0,892,0,0,0,0,0
1959,"epperly",,,11,4,1,1,0,0,601,0,0,5,0,0
1959,"kurtis-kraft",,,5,7,2,2,0,0,1685,0,0,0,0,0
1959,"porsche",,,12,7,4,3,0,0,107,0,0,0,0,0
1959,"phillips",,,10,24,1,1,0,0,112,0,0,0,0,0
1959,"brm",3,"3",1,1,7,7,1,0,1138,2,2,22.5,1,2
1959,"tec-mec",,,17,,1,1,0,0,6,0,0,0,0,0
1959,"connaught",,,13,,1,1,0,0,0,0,0,0,0,0
1959,"aston-martin",,,2,6,4,4,0,0,402,0,0,0,0,0
1959,"fry",,,,,1,0,0,0,0,0,0,0,0,0
1959,"lotus",4,"4",5,4,8,8,0,0,430,0,0,5,0,0
1959,"behra-porsche",,,,,2,0,0,0,0,0,0,0,0,0
1959,"christensen",,,14,27,1,1,0,0,47,0,0,0,0,0
1959,"sutton",,,31,30,1,1,0,0,45,0,0,0,0,0
1959,"dunn",,,23,13,1,1,0,0,200,0,0,0,0,0
1959,"jbw",,,14,,1,1,0,0,18,0,0,0,0,0
1959,"moore",,,7,12,1,1,0,0,200,0,0,0,0,0
1959,"watson",,,3,1,1,1,1,1,712,2,1,14,0,0
1959,"maserati",,,18,8,5,3,0,0,242,0,0,0,0,0
1959,"lesovsky",,,1,3,1,1,0,0,234,1,1,5,1,1
1959,"elder",,,32,23,1,1,0,0,115,0,0,0,0,0
1959,"ferrari",2,"2",1,1,7,7,2,2,1383,9,6,67,2,2
1959,"vanwall",,,17,,1,1,0,0,13,0,0,0,0,0
1960,"epperly",,,10,3,1,1,0,0,792,1,1,4,0,0
1960,"maserati",,,18,13,3,2,0,0,259,0,0,0,0,0
1960,"cooper",1,"1",1,1,9,9,6,3,3463,14,8,108,4,5
1960,"kurtis-kraft",,,11,10,1,1,0,0,975,0,0,0,0,0
1960,"phillips",,,8,4,1,1,0,0,200,0,0,3,0,0
1960,"behra-porsche",,,14,10,2,2,0,0,117,0,0,0,0,0
1960,"aston-martin",,,13,11,2,1,0,0,116,0,0,0,0,0
1960,"ewing",,,1,21,1,1,0,0,166,0,0,0,1,0
1960,"christensen",,,23,18,1,1,0,0,185,0,0,0,0,0
1960,"kuzma",,,27,12,1,1,0,0,400,0,0,0,0,0
1960,"jbw",,,7,13,4,3,0,0,133,0,0,0,0,0
1960,"watson",,,2,1,1,1,1,1,1144,2,1,14,0,1
1960,"lotus",2,"2",1,1,8,8,2,1,1607,7,5,52,4,3
1960,"trevis",,,7,6,1,1,0,0,400,0,0,1,0,0
1960,"brm",4,"4",2,3,8,8,0,0,909,1,1,8,0,1
1960,"meskowski",,,21,8,1,1,0,0,394,0,0,0,0,0
1960,"porsche",7,"7",10,6,1,1,0,0,94,0,0,1,0,0
1960,"lesovsky",,,17,5,1,1,0,0,200,0,0,2,0,0
1960,"scarab",,,15,10,5,2,0,0,87,0,0,0,0,0
1960,"ferrari",3,"3",1,1,8,8,1,1,1331,5,3,43,1,2
1960,"vanwall",,,14,,1,1,0,0,7,0,0,0,0,0
1961,"cooper",4,"4",1,3,8,8,0,0,2109,1,1,24,1,1
1961,"lotus",2,"2",1,1,8,8,3,0,2259,5,5,44,1,2
1961,"porsche",3,"3",3,2,8,8,0,0,1316,3,3,24,0,0
1961,"emeryson",,,,,2,0,0,0,0,0,0,0,0,0
1961,"ferrari",1,"1",1,1,7,7,5,3,1206,14,7,99,6,5
1961,"gilby",,,23,15,1,1,0,0,69,0,0,0,0,0
1961,"de-tomaso",,,20,,2,2,0,0,30,0,0,0,0,0
1961,"jbw",,,31,,1,1,0,0,6,0,0,0,0,0
1961,"brm",5,"5",2,3,8,8,0,0,693,1,1,9,0,1
1961,"ferguson",,,20,,1,1,0,0,56,0,0,0,0,0
1962,"cooper",3,"3",2,1,9,9,1,0,1595,7,6,45,0,1
1962,"lotus",2,"2",1,1,9,9,3,0,2501,4,4,43,6,5
1962,"lola",4,"4",1,2,9,9,0,0,577,2,2,19,1,0
1962,"brabham",7,"7",3,4,3,3,0,0,190,0,0,6,0,0
1962,"porsche",5,"5",1,1,9,9,1,0,1200,2,2,20,1,0
1962,"brm",1,"1",1,1,9,9,4,1,1111,8,7,62,1,3
1962,"emeryson",,,19,11,3,3,0,0,141,0,0,0,0,0
1962,"enb",,,25,16,1,1,0,0,14,0,0,0,0,0
1962,"gilby",,,19,,2,1,0,0,7,0,0,0,0,0
1962,"lds",,,14,,1,1,0,0,62,0,0,0,0,0
1962,"de-tomaso",,,,,1,0,0,0,0,0,0,0,0,0
1962,"ferrari",6,"6",4,2,6,6,0,0,1104,4,3,30,0,0
1963,"lotus",1,"1",1,1,10,10,7,0,2652,9,9,78,7,6
1963,"ats",,,13,11,5,5,0,0,250,0,0,0,0,0
1963,"brabham",3,"3",2,2,10,10,0,0,1056,4,4,33,0,1
1963,"brp",6,"6",7,4,5,5,0,0,247,0,0,6,0,0
1963,"stebro",,,21,7,1,1,0,0,88,0,0,0,0,0
1963,"cooper",5,"5",3,2,10,10,0,0,1725,4,4,32,0,0
1963,"lola",,,8,7,9,9,0,0,570,0,0,0,0,0
1963,"porsche",7,"7",15,4,8,7,0,0,443,0,0,5,0,0
1963,"gilby",,,19,,3,1,0,0,59,0,0,0,0,0
1963,"alfa-special",,,16,,1,1,0,0,53,0,0,0,0,0
1963,"lds",,,17,11,1,1,0,0,80,0,0,0,0,0
1963,"brm",2,"2",1,1,10,10,2,2,1520,10,8,65,2,0
1963,"scirocco",,,18,8,5,4,0,0,96,0,0,0,0,0
1963,"ferrari",4,"4",1,1,10,10,1,0,853,3,3,27,1,3
1963,"de-tomaso",,,,,1,0,0,0,0,0,0,0,0,0
1964,"lotus",3,"3",1,1,10,10,3,0,2275,5,4,52,5,4
1964,"cooper",5,"5",5,2,10,10,0,0,978,2,2,16,0,0
1964,"brabham",4,"4",1,1,10,10,2,0,2382,6,5,43,2,3
1964,"brp",7,"7",10,5,8,8,0,0,554,0,0,5,0,0
1964,"derrington-francis",,,19,,1,1,0,0,24,0,0,0,0,0
1964,"porsche",,,17,,2,1,0,0,8,0,0,0,0,0
1964,"scirocco",,,18,,2,1,0,0,10,0,0,0,0,0
1964,"honda",,,10,13,3,3,0,0,73,0,0,0,0,0
1964,"brm",2,"2",1,1,10,10,2,1,1885,7,6,70,1,1
1964,"ferrari",1,"1",1,1,10,10,3,0,1156,10,7,64,2,2
1965,"cooper",5,"5",7,3,10,10,0,0,943,1,1,14,0,0
1965,"brabham",3,"3",2,2,10,10,0,0,2951,6,5,44,0,1
1965,"lotus",1,"1",1,1,10,10,6,0,1993,7,7,66,6,6
1965,"honda",6,"6",3,1,8,8,1,0,604,1,1,13,0,0
1965,"lds",,,20,13,1,1,0,0,73,0,0,0,0,0
1965,"ferrari",4,"4",2,2,10,10,0,0,1343,4,4,32,0,0
1965,"alfa-special",,,17,10,1,1,0,0,79,0,0,0,0,0
1965,"brm",2,"2",1,1,10,10,3,1,1425,11,9,81,4,3
1966,"eagle",7,"7",3,5,8,8,0,0,230,0,0,4,0,0
1966,"cooper",3,"3",1,1,9,9,1,0,1934,6,4,49,1,2
1966,"brabham",1,"1",1,1,9,9,4,1,1410,9,6,65,3,2
1966,"brm",4,"4",3,1,9,9,1,0,1032,4,3,34,0,0
1966,"mclaren",9,"9",10,5,6,4,0,0,232,0,0,3,0,0
1966,"honda",8,"8",3,4,3,3,0,0,279,0,0,3,0,1
1966,"matra",,,16,8,1,1,0,0,43,0,0,0,0,0
1966,"lotus",5,"5",1,1,9,9,1,0,1187,2,2,21,2,0
1966,"ferrari",2,"2",1,1,7,7,2,1,648,6,4,42,3,4
1966,"shannon",,,18,,1,1,0,0,0,0,0,0,0,0
1967,"eagle",7,"7",2,1,11,11,1,0,386,2,2,13,0,2
1967,"lola",,,14,10,1,1,0,0,19,0,0,0,0,0
1967,"brm",6,"6",3,2,11,11,0,0,1455,2,2,21,0,0
1967,"brabham",1,"1",1,1,11,11,4,3,2062,14,9,102,2,2
1967,"mclaren",10,"10",3,4,6,6,0,0,291,0,0,3,0,0
1967,"cooper",3,"3",4,1,11,11,1,1,2076,2,1,37,0,0
1967,"matra",,,11,7,4,4,0,0,182,0,0,0,0,0
1967,"honda",4,"4",3,1,9,9,1,0,506,2,2,20,0,0
1967,"lotus",2,"2",1,1,11,11,4,1,1448,7,6,56,9,7
1967,"protos",,,23,,1,1,0,0,16,0,0,0,0,0
1967,"lds",,,14,,1,1,0,0,56,0,0,0,0,0
1967,"ferrari",5,"5",2,3,10,10,0,0,1012,4,4,23,0,0
1968,"eagle",,,6,9,6,5,0,0,108,0,0,0,0,0
1968,"mclaren",2,"2",2,1,12,12,3,1,1620,6,5,59,0,0
1968,"lola",,,18,10,1,1,0,0,14,0,0,0,0,0
1968,"brm",5,"5",2,2,12,12,0,0,1320,4,4,28,0,2
1968,"brabham",8,"8",1,3,12,12,0,0,1070,2,2,12,2,0
1968,"cooper",7,"7",5,3,12,12,0,0,1048,2,2,20,0,0
1968,"honda",6,"6",1,2,12,12,0,0,617,2,2,14,1,1
1968,"matra",3,"3",2,1,12,12,3,1,1479,6,5,53,0,4
1968,"lotus",1,"1",1,1,12,12,5,1,1649,9,7,75,5,5
1968,"ferrari",4,"4",1,1,11,11,1,0,964,5,4,37,4,0
1968,"lds",,,22,,1,1,0,0,35,0,0,0,0,0
1969,"brabham",2,"2",1,1,11,11,2,1,2057,9,7,68,4,4
1969,"cooper",,,16,7,1,1,0,0,74,0,0,0,0,0
1969,"mclaren",4,"4",2,1,11,11,1,0,1379,5,5,49,0,0
1969,"bmw",,,,,1,0,0,0,0,0,0,0,0,0
1969,"lotus",3,"3",1,1,11,11,2,0,2041,7,6,59,5,2
1969,"eagle",,,17,,1,1,0,0,22,0,0,0,0,0
1969,"matra",1,"1",1,1,11,11,6,1,1571,10,7,85,2,6
1969,"ferrari",5,"5",2,3,10,10,0,0,599,1,1,7,0,0
1969,"brm",5,"5",6,3,10,10,0,0,996,1,1,7,0,0
1969,"tecno",,,16,,1,1,0,0,9,0,0,0,0,0
1970,"march",3,"3",1,1,13,13,1,0,2846,8,7,55,3,1
1970,"brabham",4,"4",1,1,13,13,1,0,1287,5,5,35,1,4
1970,"lotus",1,"1",1,1,13,12,6,0,2010,7,6,70,3,1
1970,"mclaren",5,"5",2,2,12,12,0,0,1762,5,5,36,0,1
1970,"matra",7,"7",2,3,13,13,0,0,1353,3,3,24,0,0
1970,"de-tomaso",,,9,,11,8,0,0,305,0,0,0,0,0
1970,"ferrari",2,"2",1,1,13,13,4,3,1304,9,6,76,5,8
1970,"bellasi",,,24,,5,1,0,0,13,0,0,0,0,0
1970,"surtees",8,"8",5,5,7,7,0,0,390,0,0,3,0,0
1970,"tyrrell",,,1,,3,3,0,0,146,0,0,0,1,0
1970,"brm",6,"6",2,1,13,13,1,0,1354,2,2,25,0,0
1971,"surtees",8,"8",6,4,11,11,0,0,1218,0,0,9,0,0
1971,"mclaren",6,"6",3,3,11,11,0,0,1075,1,1,13,0,1
1971,"march",4,"4",5,2,11,11,0,0,2172,5,5,37,0,1
1971,"brabham",9,"9",4,3,11,11,0,0,851,1,1,7,0,0
1971,"tyrrell",1,"1",1,1,11,11,7,2,1111,11,9,88,6,4
1971,"matra",7,"7",1,3,10,10,0,0,849,1,1,10,1,0
1971,"lotus",5,"5",2,2,11,11,0,0,1073,3,3,25,0,0
1971,"bellasi",,,22,,1,1,0,0,5,0,0,0,0,0
1971,"ferrari",3,"3",1,1,11,11,2,0,1078,7,5,44,3,4
1971,"brm",2,"2",1,1,11,11,2,0,1740,4,4,42,1,1
1972,"surtees",5,"5",4,2,12,12,0,0,1558,1,1,18,0,1
1972,"march",6,"6",3,3,12,12,0,0,2915,1,1,15,0,0
1972,"connew",,,25,,2,1,0,0,22,0,0,0,0,0
1972,"tyrrell",2,"2",1,1,12,12,4,1,1344,7,6,60,2,4
1972,"matra",8,"8",1,3,12,11,0,0,657,1,1,12,1,2
1972,"lotus",1,"1",1,1,12,12,5,0,1347,8,8,61,3,0
1972,"brm",7,"7",4,1,12,12,1,0,2007,1,1,14,0,1
1972,"tecno",,,18,,8,6,0,0,126,0,0,0,0,0
1972,"brabham",9,"9",1,4,12,12,0,0,1519,0,0,7,1,0
1972,"ferrari",4,"4",1,1,12,12,1,1,1601,6,4,47,4,3
1972,"eifelland",,,14,10,8,8,0,0,414,0,0,0,0,0
1972,"politoys",,,26,,1,1,0,0,7,0,0,0,0,0
1972,"mclaren",3,"3",1,1,12,12,1,0,1556,11,8,66,1,1
1973,"tyrrell",2,"2",1,1,15,14,5,3,1830,15,11,118,3,2
1973,"surtees",9,"9",5,3,15,15,0,0,1219,1,1,7,0,2
1973,"brabham",4,"4",2,3,15,15,0,0,1756,2,2,22,0,0
1973,"march",5,"5",4,2,15,15,0,0,1684,2,2,14,0,2
1973,"shadow",8,"8",10,3,13,13,0,0,1451,2,2,9,0,0
1973,"iso-marlboro",10,"10",10,6,15,15,0,0,1273,0,0,2,0,0
1973,"lotus",1,"1",1,1,15,15,7,1,1622,15,13,107,10,7
1973,"brm",7,"7",1,4,15,15,0,0,2033,0,0,13,1,0
1973,"tecno",11,"11",12,6,5,4,0,0,117,0,0,1,0,0
1973,"ferrari",6,"6",3,4,13,13,0,0,1016,0,0,14,0,0
1973,"ensign",,,14,13,7,6,0,0,224,0,0,0,0,0
1973,"mclaren",3,"3",1,1,15,15,3,0,1901,8,7,68,1,3
1974,"surtees",11,"11",2,4,15,14,0,0,739,0,0,3,0,0
1974,"brabham",5,"5",1,1,15,15,3,1,2394,5,4,46,1,3
1974,"tyrrell",3,"3",1,1,15,15,2,1,1807,7,6,59,1,3
1974,"amon",,,20,,4,1,0,0,22,0,0,0,0,0
1974,"march",9,"9",5,4,15,15,0,0,1019,0,0,6,0,0
1974,"lola",12,"12",11,6,15,15,0,0,1419,0,0,1,0,0
1974,"iso-marlboro",10,"10",3,4,15,15,0,0,832,0,0,4,0,0
1974,"hesketh",6,"6",2,3,13,13,0,0,457,3,3,15,0,0
1974,"lotus",4,"4",1,1,15,15,3,0,1458,6,6,47,1,2
1974,"maki",,,,,2,0,0,0,0,0,0,0,0,0
1974,"mclaren",1,"1",1,1,15,15,4,0,2556,10,10,87,2,1
1974,"penske",,,14,12,2,2,0,0,105,0,0,0,0,0
1974,"lyncar",,,,,1,0,0,0,0,0,0,0,0,0
1974,"ferrari",2,"2",1,1,15,15,3,2,1678,12,8,90,10,6
1974,"brm",7,"7",7,2,15,15,0,0,1491,1,1,10,0,0
1974,"ensign",,,14,15,12,6,0,0,286,0,0,0,0,0
1974,"token",,,20,14,4,3,0,0,125,0,0,0,0,0
1974,"trojan",,,19,10,8,6,0,0,230,0,0,0,0,0
1974,"shadow",8,"8",3,3,14,14,0,0,1122,1,1,7,0,0
1974,"parnelli",,,3,7,2,2,0,0,83,0,0,0,0,0
1975,"march",8,"8",1,1,14,14,1,0,852,1,1,9.0,1,1
1975,"fittipaldi",,,21,10,14,11,0,0,435,0,0,0,0,0
1975,"hesketh",4,"4",2,1,14,14,1,0,1019,4,4,33,0,1
1975,"tyrrell",5,"5",2,1,14,14,1,0,1470,4,3,32,0,1
1975,"lola",,,14,7,3,3,0,0,259,0,0,0,0,0
1975,"hill",11,"11",6,5,11,10,0,0,688,0,0,3,0,0
1975,"penske",12,"12",12,5,10,10,0,0,504,0,0,2,0,0
1975,"frank-williams-racing-cars",9,"9",11,2,14,12,0,0,684,1,1,6,0,0
1975,"ensign",13,"13",19,6,9,7,0,0,300,0,0,1,0,0
1975,"lotus",7,"7",4,2,14,14,0,0,1316,1,1,9,0,0
1975,"mclaren",3,"3",2,1,14,14,3,0,1315,10,8,65.0,0,2
1975,"maki",,,,,5,0,0,0,0,0,0,0,0,0
1975,"brabham",2,"2",1,1,14,14,2,0,1215,9,9,61,1,1
1975,"surtees",,,6,8,11,11,0,0,500,0,0,0,0,0
1975,"shadow",6,"6",1,3,14,14,0,0,954,1,1,9.5,3,1
1975,"lyncar",,,26,17,1,1,0,0,51,0,0,0,0,0
1975,"ferrari",1,"1",1,1,14,14,6,0,1361,11,8,89.5,9,6
1975,"brm",,,20,9,11,10,0,0,352,0,0,0,0,0
1975,"parnelli",10,"10",4,4,12,12,0,0,373,0,0,5,0,1
1976,"march",7,"7",1,1,16,16,1,0,1944,1,1,19,1,1
1976,"boro",,,13,8,6,5,0,0,211,0,0,0,0,0
1976,"fittipaldi",11,"11",5,6,16,15,0,0,664,0,0,3,0,0
1976,"surtees",10,"10",14,4,15,15,0,0,1758,0,0,7,0,0
1976,"tyrrell",3,"3",1,1,16,16,1,1,1859,12,10,88,1,2
1976,"penske",5,"5",2,1,16,16,1,0,874,3,3,20,0,0
1976,"hesketh",,,19,7,15,12,0,0,783,0,0,0,0,0
1976,"lotus",4,"4",1,1,16,16,1,0,1109,5,5,32,1,1
1976,"kojima",,,10,11,1,1,0,0,66,0,0,0,0,0
1976,"ligier",6,"6",1,2,16,16,0,0,824,3,3,20,1,1
1976,"shadow",8,"8",3,3,16,16,0,0,1811,1,1,10,0,1
1976,"maki",,,,,1,0,0,0,0,0,0,0,0,0
1976,"wolf-williams",,,17,7,16,13,0,0,815,0,0,0,0,0
1976,"mclaren",2,"2",1,1,16,16,6,0,1666,10,8,88,8,3
1976,"brabham",9,"9",3,4,16,16,0,0,1411,0,0,11,0,0
1976,"ferrari",1,"1",1,1,15,15,6,2,1685,13,11,99,4,7
1976,"brm",,,21,,1,1,0,0,2,0,0,0,0,0
1976,"ensign",12,"12",3,5,14,14,0,0,710,0,0,2,0,0
1976,"parnelli",13,"13",13,6,2,2,0,0,92,0,0,1,0,0
1977,"shadow",7,"7",6,1,17,17,1,0,1511,2,2,24,0,0
1977,"penske",12,"12",9,6,13,12,0,0,663,0,0,1,0,0
1977,"surtees",11,"11",8,4,17,17,0,0,1500,0,0,6,0,0
1977,"mcguire",,,,,1,0,0,0,0,0,0,0,0,0
1977,"march",,,14,7,17,16,0,0,1887,0,0,0,0,0
1977,"mclaren",3,"3",1,1,17,17,3,0,2298,7,7,65,6,3
1977,"renault",,,10,,5,4,0,0,108,0,0,0,0,0
1977,"tyrrell",6,"6",3,2,17,17,0,0,1468,4,4,27,0,1
1977,"fittipaldi",9,"9",7,4,16,14,0,0,817,0,0,11,0,0
1977,"boro",,,23,,2,1,0,0,52,0,0,0,0,0
1977,"kojima",,,11,11,1,1,0,0,72,0,0,0,0,0
1977,"hesketh",,,13,7,12,12,0,0,748,0,0,0,0,0
1977,"lotus",2,"2",1,1,17,17,5,0,1613,7,7,67,7,5
1977,"apollon",,,,,1,0,0,0,0,0,0,0,0,0
1977,"lec",,,19,13,5,3,0,0,142,0,0,0,0,0
1977,"ligier",8,"8",2,1,17,17,1,0,874,2,2,18,0,1
1977,"brabham",5,"5",1,2,17,17,0,0,1549,4,4,27,1,2
1977,"ferrari",1,"1",1,1,17,17,4,0,1845,16,14,114,2,3
1977,"brm",,,22,15,10,2,0,0,74,0,0,0,0,0
1977,"ensign",10,"10",7,5,17,17,0,0,899,0,0,10,0,0
1977,"wolf",4,"4",1,1,17,17,3,0,988,9,9,55,1,2
1978,"arrows",10,"10",5,2,15,15,0,0,1148,1,1,11,0,0
1978,"ats-wheels",,,11,7,16,12,0,0,997,0,0,0,0,0
1978,"martini",,,18,9,7,4,0,0,213,0,0,0,0,0
1978,"surtees",13,"13",12,6,16,16,0,0,838,0,0,1,0,0
1978,"mclaren",8,"8",2,3,16,16,0,0,2124,1,1,16,0,0
1978,"renault",12,"12",3,4,14,14,0,0,555,0,0,3,0,0
1978,"tyrrell",4,"4",5,1,16,16,1,0,1448,5,5,41,0,0
1978,"fittipaldi",7,"7",6,2,16,16,0,0,754,1,1,17,0,0
1978,"shadow",11,"11",8,5,16,15,0,0,1048,0,0,6,0,0
1978,"lotus",1,"1",1,1,16,16,8,4,2036,14,10,116,12,7
1978,"ligier",6,"6",5,3,16,16,0,0,944,2,2,19,0,0
1978,"ensign",13,"13",15,6,16,12,0,0,618,0,0,1,0,0
1978,"hesketh",,,25,,6,1,0,0,8,0,0,0,0,0
1978,"brabham",3,"3",1,1,16,16,2,1,1489,10,8,69,2,4
1978,"march",,,,,1,0,0,0,0,0,0,0,0,0
1978,"ferrari",2,"2",1,1,16,16,5,0,1763,9,8,65,2,3
1978,"merzario",,,20,,16,8,0,0,259,0,0,0,0,0
1978,"theodore",,,24,,7,1,0,0,15,0,0,0,0,0
1978,"wolf",5,"5",2,2,16,16,0,0,970,4,4,24,0,0
1978,"williams",9,"9",3,2,16,16,0,0,771,1,1,11,0,2
1979,"williams",2,"2",1,1,15,15,5,1,1532,10,8,75,3,3
1979,"ats-wheels",11,"11",12,5,15,12,0,0,474,0,0,2,0,0
1979,"alfa-romeo",,,14,12,5,5,0,0,225,0,0,0,0,0
1979,"tyrrell",5,"5",4,3,15,15,0,0,1560,4,4,28,0,0
1979,"renault",6,"6",1,1,15,14,1,0,948,4,3,26,6,2
1979,"fittipaldi",12,"12",9,6,15,15,0,0,612,0,0,1,0,0
1979,"shadow",10,"10",12,4,15,14,0,0,1166,0,0,3,0,0
1979,"ligier",3,"3",1,1,15,15,3,1,1334,8,7,61,4,3
1979,"mclaren",7,"7",6,3,15,15,0,0,1217,1,1,15,0,0
1979,"lotus",4,"4",2,2,15,15,0,0,1703,5,4,39,0,0
1979,"wolf",,,8,8,15,14,0,0,456,0,0,0,0,0
1979,"brabham",8,"8",2,4,15,15,0,0,1033,0,0,7,0,1
1979,"ferrari",1,"1",1,1,15,15,6,3,1821,13,10,113,2,6
1979,"ensign",,,21,11,15,6,0,0,298,0,0,0,0,0
1979,"merzario",,,22,,15,2,0,0,13,0,0,0,0,0
1979,"rebaque",,,22,,3,1,0,0,26,0,0,0,0,0
1979,"arrows",9,"9",8,5,15,15,0,0,1246,0,0,5,0,0
1979,"kauhsen",,,,,2,0,0,0,0,0,0,0,0,0
1980,"williams",1,"1",1,1,14,14,6,2,1728,18,11,120,3,6
1980,"tyrrell",6,"6",9,4,14,14,0,0,1200,0,0,12,0,0
1980,"ligier",2,"2",1,1,14,14,2,0,1415,10,8,66,3,3
1980,"renault",4,"4",1,1,14,14,3,0,1123,4,4,38,5,4
1980,"alfa-romeo",11,"11",1,5,14,14,0,0,791,0,0,4,1,0
1980,"mclaren",9,"9",7,4,14,14,0,0,1090,0,0,11,0,0
1980,"osella",,,14,12,14,10,0,0,249,0,0,0,0,0
1980,"brabham",3,"3",1,1,14,14,3,0,1153,6,6,55,2,1
1980,"ferrari",10,"10",3,5,14,14,0,0,1328,0,0,8,0,0
1980,"fittipaldi",8,"8",6,3,14,14,0,0,1102,2,2,11,0,0
1980,"ats-wheels",,,4,7,14,12,0,0,547,0,0,0,0,0
1980,"lotus",5,"5",4,2,14,14,0,0,1063,1,1,14,0,0
1980,"shadow",,,24,13,7,1,0,0,70,0,0,0,0,0
1980,"ensign",,,12,9,14,9,0,0,343,0,0,0,0,0
1980,"arrows",7,"7",7,2,14,14,0,0,1160,1,1,11,0,0
1981,"williams",1,"1",1,1,15,15,4,2,1680,13,10,95,2,7
1981,"toleman",,,22,10,12,2,0,0,92,0,0,0,0,0
1981,"osella",,,14,8,15,10,0,0,394,0,0,0,0,0
1981,"ensign",11,"11",15,4,15,14,0,0,648,0,0,5,0,1
1981,"renault",3,"3",1,1,15,15,3,0,1151,7,7,54,6,2
1981,"ligier",4,"4",1,1,15,15,2,0,1114,7,7,44,1,1
1981,"fittipaldi",,,8,7,14,9,0,0,562,0,0,0,0,0
1981,"march",,,17,7,15,9,0,0,399,0,0,0,0,0
1981,"mclaren",6,"6",2,1,15,15,1,0,1258,4,4,28,0,1
1981,"alfa-romeo",9,"9",6,3,15,15,0,0,1423,1,1,10,0,0
1981,"brabham",2,"2",1,1,15,15,3,0,1403,7,7,61,4,1
1981,"arrows",8,"8",1,2,15,15,0,0,850,2,2,10,1,0
1981,"ferrari",5,"5",1,1,15,15,2,0,1195,3,3,34,1,2
1981,"ats-wheels",12,"12",20,6,15,9,0,0,412,0,0,1,0,0
1981,"lotus",7,"7",3,3,14,14,0,0,1175,1,1,22,0,0
1981,"theodore",12,"12",14,6,15,13,0,0,715,0,0,1,0,0
1981,"tyrrell",10,"10",8,4,15,15,0,0,1227,0,0,10,0,0
1982,"toleman",,,8,10,14,11,0,0,388,0,0,0,0,1
1982,"ensign",,,11,8,14,8,0,0,132,0,0,0,0,0
1982,"renault",3,"3",1,1,16,16,4,1,1317,8,6,62,10,5
1982,"ligier",8,"8",4,2,15,15,0,0,1134,4,4,20,0,0
1982,"fittipaldi",14,"14",19,6,15,9,0,0,397,0,0,1,0,0
1982,"lotus",5,"5",7,1,15,15,1,0,1292,2,2,30,0,0
1982,"march",,,17,7,15,13,0,0,1046,0,0,0,0,0
1982,"mclaren",2,"2",2,1,15,15,4,0,1586,8,8,69,0,2
1982,"alfa-romeo",10,"10",1,3,16,16,0,0,1218,1,1,7,1,0
1982,"osella",13,"13",9,4,16,13,0,0,319,0,0,3,0,0
1982,"brabham",7,"7",1,1,15,15,2,1,1092,5,4,41,1,4
1982,"arrows",11,"11",14,5,15,14,0,0,1241,0,0,5,0,0
1982,"ferrari",1,"1",1,1,16,14,3,1,1203,11,8,74,3,2
1982,"williams",4,"4",1,1,15,15,1,0,1700,7,7,58,1,0
1982,"ats-wheels",12,"12",5,5,16,15,0,0,925,0,0,4,0,0
1982,"tyrrell",6,"6",3,1,16,16,1,0,1674,2,2,25,0,2
1982,"theodore",,,20,14,15,7,0,0,216,0,0,0,0,0
1983,"arrows",10,"10",5,5,15,15,0,0,1572,0,0,4,0,0
1983,"tyrrell",7,"7",6,1,15,15,1,0,1287,1,1,12,0,0
1983,"toleman",9,"9",5,4,15,15,0,0,1125,0,0,10,0,0
1983,"ligier",,,9,7,15,15,0,0,1115,0,0,0,0,0
1983,"renault",2,"2",1,1,15,15,4,0,1478,11,9,79,3,3
1983,"brabham",3,"3",1,1,15,15,4,0,1424,10,9,72,2,5
1983,"lotus",8,"8",1,3,15,15,0,0,1022,1,1,12,1,1
1983,"osella",,,23,10,15,13,0,0,516,0,0,0,0,0
1983,"mclaren",5,"5",9,1,15,14,1,1,1179,5,4,34,0,2
1983,"alfa-romeo",6,"6",3,2,15,15,0,0,1115,2,2,18,0,1
1983,"ram",,,24,12,14,3,0,0,155,0,0,0,0,0
1983,"ferrari",1,"1",1,1,15,15,4,1,1494,12,9,89,8,3
1983,"spirit",,,13,7,6,6,0,0,212,0,0,0,0,0
1983,"williams",4,"4",1,1,15,15,1,0,1510,2,2,38,1,0
1983,"ats-wheels",,,7,8,15,14,0,0,512,0,0,0,0,0
1983,"theodore",12,"12",11,6,14,13,0,0,857,0,0,1,0,0
1984,"arrows",9,"9",11,5,16,15,0,0,1263,0,0,6,0,0
1984,"alfa-romeo",8,"8",7,3,16,16,0,0,1147,1,1,11,0,0
1984,"renault",5,"5",1,2,16,16,0,0,1474,5,5,34,1,2
1984,"lotus",3,"3",1,2,16,16,0,0,1495,6,6,47,2,0
1984,"ligier",9,"9",7,5,16,16,0,0,1108,0,0,3,0,0
1984,"mclaren",1,"1",1,1,16,16,12,4,1672,18,13,143.5,3,8
1984,"brabham",4,"4",1,1,16,16,2,0,1403,5,4,38,9,3
1984,"osella",12,"12",17,5,16,15,0,0,732,0,0,2,0,0
1984,"ferrari",2,"2",1,1,16,16,1,0,1499,8,7,57.5,1,2
1984,"ram",,,18,8,16,15,0,0,931,0,0,0,0,0
1984,"spirit",,,20,8,16,14,0,0,683,0,0,0,0,0
1984,"ats-wheels",,,6,6,16,15,0,0,508,0,0,0,0,0
1984,"toleman",7,"7",3,2,16,16,0,0,920,3,3,16,0,1
1984,"tyrrell",,"DSQ",,,13,13,0,0,0,0,0,0,0,0
1984,"williams",6,"6",2,1,16,16,1,0,1113,2,2,25.5,0,0
1985,"arrows",8,"8",5,2,16,16,0,0,1630,1,1,14,0,0
1985,"alfa-romeo",,,4,9,16,16,0,0,947,0,0,0,0,0
1985,"williams",3,"3",1,1,16,16,4,1,1459,8,6,71,3,4
1985,"ligier",6,"6",5,2,15,15,0,0,1311,4,3,23,0,1
1985,"renault",7,"7",6,3,15,15,0,0,1190,2,2,16,0,0
1985,"lotus",4,"4",1,1,16,16,3,0,1634,9,9,71,8,3
1985,"osella",,,20,7,16,12,0,0,526,0,0,0,0,0
1985,"mclaren",1,"1",1,1,16,16,6,1,1556,12,11,90,2,6
1985,"minardi",,,19,8,16,14,0,0,459,0,0,0,0,0
1985,"brabham",5,"5",1,1,16,16,1,0,1111,2,2,26,1,0
1985,"ferrari",2,"2",1,1,16,16,2,1,1520,10,8,82,1,2
1985,"ram",,,14,9,14,13,0,0,542,0,0,0,0,0
1985,"spirit",,,24,,3,3,0,0,35,0,0,0,0,0
1985,"lola",,,19,,4,3,0,0,39,0,0,0,0,0
1985,"toleman",,,1,12,13,13,0,0,367,0,0,0,1,0
1985,"tyrrell",9,"9",16,4,16,16,0,0,1446,0,0,7,0,0
1985,"zakspeed",,,17,11,10,9,0,0,196,0,0,0,0,0
1986,"arrows",10,"10",12,6,16,16,0,0,1452,0,0,1,0,0
1986,"benetton",6,"6",1,1,16,16,1,0,1265,2,2,19,2,3
1986,"williams",1,"1",1,1,16,16,9,2,1826,19,12,141,4,11
1986,"tyrrell",7,"7",10,4,16,16,0,0,1548,0,0,11,0,0
1986,"ligier",5,"5",4,2,16,16,0,0,1634,2,2,29,0,0
1986,"lotus",3,"3",1,1,16,16,2,0,1400,8,8,58,8,0
1986,"ags",,,25,,2,2,0,0,37,0,0,0,0,0
1986,"mclaren",2,"2",1,1,16,16,4,1,1631,12,11,96,2,2
1986,"minardi",,,11,8,16,15,0,0,727,0,0,0,0,0
1986,"brabham",9,"9",4,6,16,16,0,0,1198,0,0,2,0,0
1986,"osella",,,21,11,16,15,0,0,654,0,0,0,0,0
1986,"ferrari",4,"4",4,2,16,16,0,0,1391,5,4,37,0,0
1986,"lola",8,"8",6,4,16,16,0,0,1070,0,0,6,0,0
1986,"zakspeed",,,16,8,16,16,0,0,998,0,0,0,0,0
1987,"benetton",5,"5",3,3,16,16,0,0,1435,2,2,28,0,1
1987,"lotus",3,"3",1,1,16,16,2,0,1624,8,8,64,1,3
1987,"williams",1,"1",1,1,16,16,9,4,1682,18,13,137,12,7
1987,"tyrrell",6,"6",13,4,16,16,0,0,1656,0,0,11,0,0
1987,"ags",11,"11",22,6,16,13,0,0,661,0,0,1,0,0
1987,"coloni",,,26,,2,1,0,0,8,0,0,0,0,0
1987,"osella",,,16,12,16,14,0,0,472,0,0,0,0,0
1987,"lola",9,"9",15,5,15,15,0,0,808,0,0,3,0,0
1987,"march",11,"11",18,6,16,15,0,0,608,0,0,1,0,0
1987,"ligier",11,"11",12,6,15,15,0,0,1133,0,0,1,0,0
1987,"mclaren",2,"2",2,1,16,16,3,1,1616,12,9,76,0,2
1987,"minardi",,,13,11,16,16,0,0,793,0,0,0,0,0
1987,"brabham",8,"8",7,3,16,16,0,0,1065,2,2,10,0,0
1987,"ferrari",4,"4",1,1,16,16,2,1,1372,6,5,53,3,3
1987,"arrows",7,"7",6,4,16,16,0,0,1401,0,0,11,0,0
1987,"zakspeed",10,"10",13,5,16,16,0,0,1089,0,0,2,0,0
1988,"ags",,,10,8,16,16,0,0,566,0,0,0,0,0
1988,"arrows",5,"5",5,3,16,16,0,0,1534,1,1,23,0,0
1988,"benetton",3,"3",3,3,16,16,0,0,1679,7,7,39,0,1
1988,"dallara",,,10,7,16,14,0,0,558,0,0,0,0,0
1988,"lotus",4,"4",3,3,16,16,0,0,1397,3,3,23,0,0
1988,"williams",7,"7",2,2,16,16,0,0,1391,2,2,20,0,1
1988,"coloni",,,17,8,16,8,0,0,381,0,0,0,0,0
1988,"eurobrun",,,15,11,16,12,0,0,774,0,0,0,0,0
1988,"mclaren",1,"1",1,1,16,16,15,10,1961,25,15,199,15,10
1988,"lola",,,12,7,16,16,0,0,1434,0,0,0,0,0
1988,"march",6,"6",3,2,16,16,0,0,1450,2,2,22,0,0
1988,"ligier",,,17,9,16,14,0,0,812,0,0,0,0,0
1988,"minardi",10,"10",11,6,16,14,0,0,1161,0,0,1,0,0
1988,"osella",,,14,9,16,10,0,0,347,0,0,0,0,0
1988,"rial",9,"9",12,4,16,16,0,0,609,0,0,3,0,0
1988,"ferrari",2,"2",1,1,16,16,1,1,1583,8,6,65,1,4
1988,"tyrrell",8,"8",10,5,16,15,0,0,841,0,0,5,0,0
1988,"zakspeed",,,15,12,16,10,0,0,538,0,0,0,0,0
1989,"ags",15,"15",13,6,16,6,0,0,280,0,0,1,0,0
1989,"benetton",4,"4",3,1,16,16,1,0,1516,4,4,39,0,0
1989,"dallara",8,"8",3,3,16,16,0,0,1280,1,1,8,0,0
1989,"lotus",6,"6",7,4,16,15,0,0,1300,0,0,15,0,1
1989,"williams",2,"2",1,1,16,16,2,1,1688,11,8,77,1,1
1989,"coloni",,,15,,16,4,0,0,133,0,0,0,0,0
1989,"eurobrun",,,,,16,0,0,0,0,0,0,0,0,0
1989,"first",,,,,0,0,0,0,0,0,0,0,0,0
1989,"osella",,,10,12,16,9,0,0,216,0,0,0,0,0
1989,"mclaren",1,"1",1,1,16,16,10,4,1676,18,13,141,15,8
1989,"march",12,"12",4,3,16,16,0,0,1062,1,1,4,0,1
1989,"ligier",14,"14",10,5,16,14,0,0,829,0,0,3,0,0
1989,"minardi",11,"11",3,5,16,16,0,0,982,0,0,6,0,0
1989,"onyx",10,"10",11,3,16,12,0,0,610,1,1,6,0,0
1989,"brabham",9,"9",4,3,16,16,0,0,1300,1,1,8,0,0
1989,"rial",13,"13",17,4,16,4,0,0,263,0,0,3,0,0
1989,"ferrari",3,"3",2,1,16,16,3,0,1126,9,9,59,0,4
1989,"lola",15,"15",5,6,16,16,0,0,718,0,0,1,0,0
1989,"tyrrell",5,"5",7,3,16,16,0,0,1340,1,1,16,0,1
1989,"arrows",7,"7",6,3,16,16,0,0,1417,1,1,13,0,0
1989,"zakspeed",,,21,,16,2,0,0,37,0,0,0,0,0
1990,"ags",,,22,9,16,8,0,0,401,0,0,0,0,0
1990,"benetton",3,"3",4,1,16,16,2,1,1829,8,7,71,0,1
1990,"dallara",,,3,10,16,16,0,0,884,0,0,0,0,0
1990,"lotus",8,"8",10,5,16,16,0,0,1343,0,0,3,0,0
1990,"williams",4,"4",1,1,16,16,2,0,1710,4,4,57,1,5
1990,"coloni",,,,,16,0,0,0,0,0,0,0,0,0
1990,"lola",6,"6",8,3,16,16,0,0,1312,1,1,11,0,0
1990,"eurobrun",,,16,13,14,3,0,0,67,0,0,0,0,0
1990,"osella",,,8,13,16,9,0,0,417,0,0,0,0,0
1990,"arrows",9,"9",14,5,16,14,0,0,1296,0,0,2,0,0
1990,"mclaren",1,"1",1,1,16,16,6,0,1841,18,13,121,12,5
1990,"leyton-house",7,"7",7,2,16,14,0,0,1046,1,1,7,0,0
1990,"life",,,,,14,0,0,0,0,0,0,0,0,0
1990,"ligier",,,10,7,16,16,0,0,1585,0,0,0,0,0
1990,"onyx",,,20,7,10,5,0,0,468,0,0,0,0,0
1990,"brabham",9,"9",10,5,16,16,0,0,896,0,0,2,0,0
1990,"minardi",,,2,7,16,16,0,0,1037,0,0,0,0,0
1990,"ferrari",2,"2",1,1,16,16,6,2,1745,14,10,110,3,5
1990,"tyrrell",5,"5",3,2,16,16,0,0,1270,2,2,16,0,0
1991,"ags",,,20,8,14,3,0,0,86,0,0,0,0,0
1991,"dallara",8,"8",7,3,16,16,0,0,1146,1,1,5,0,0
1991,"tyrrell",6,"6",2,2,16,16,0,0,1435,1,1,12,0,0
1991,"benetton",4,"4",4,1,16,16,1,0,1558,3,3,38.5,0,1
1991,"williams",2,"2",1,1,16,16,7,2,1557,17,13,125,6,8
1991,"coloni",,,,,15,0,0,0,0,0,0,0,0,0
1991,"fondmetal",,,10,10,16,6,0,0,262,0,0,0,0,0
1991,"footwork",,,15,10,16,10,0,0,379,0,0,0,0,0
1991,"mclaren",1,"1",1,1,16,16,8,3,1541,18,13,139,10,4
1991,"lola",11,"11",11,6,16,15,0,0,714,0,0,2,0,0
1991,"leyton-house",12,"12",7,6,16,16,0,0,1088,0,0,1,0,0
1991,"ligier",,,14,7,16,16,0,0,1371,0,0,0,0,0
1991,"minardi",7,"7",7,4,16,16,0,0,1384,0,0,6,0,0
1991,"modena",,,17,7,16,6,0,0,262,0,0,0,0,0
1991,"brabham",10,"10",10,5,16,16,0,0,1250,0,0,3,0,0
1991,"ferrari",3,"3",2,2,16,16,0,0,1418,8,8,55.5,0,2
1991,"jordan",5,"5",7,4,16,16,0,0,1354,0,0,13,0,1
1991,"lotus",9,"9",13,5,16,16,0,0,987,0,0,3,0,0
1992,"andrea-moda",,,26,,10,1,0,0,11,0,0,0,0,0
1992,"dallara",10,"10",7,6,16,16,0,0,1532,0,0,2,0,0
1992,"benetton",3,"3",2,1,16,16,1,0,1703,13,11,91,0,2
1992,"williams",1,"1",1,1,16,16,10,6,1779,21,13,164,15,11
1992,"venturi",11,"11",10,6,16,16,0,0,1157,0,0,1,0,0
1992,"fondmetal",,,11,10,13,13,0,0,474,0,0,0,0,0
1992,"footwork",7,"7",7,5,16,16,0,0,1515,0,0,6,0,0
1992,"mclaren",2,"2",1,1,16,16,5,0,1468,12,10,99,1,3
1992,"ligier",7,"7",7,5,16,16,0,0,1443,0,0,6,0,0
1992,"march",9,"9",7,4,16,16,0,0,1152,0,0,3,0,0
1992,"minardi",11,"11",12,6,16,15,0,0,1198,0,0,1,0,0
1992,"brabham",,,25,11,11,3,0,0,196,0,0,0,0,0
1992,"jordan",11,"11",8,6,16,16,0,0,917,0,0,1,0,0
1992,"ferrari",4,"4",3,3,16,16,0,0,1312,2,2,21,0,0
1992,"lotus",5,"5",6,4,16,16,0,0,1317,0,0,13,0,0
1992,"tyrrell",6,"6",7,4,16,16,0,0,1195,0,0,8,0,0
1993,"benetton",3,"3",2,1,16,16,1,0,1549,11,10,72,0,5
1993,"williams",1,"1",1,1,16,16,10,1,1893,22,16,168,15,10
1993,"footwork",9,"9",6,4,16,16,0,0,1446,0,0,4,0,0
1993,"larrousse",10,"10",9,5,16,16,0,0,1586,0,0,3,0,0
1993,"ligier",5,"5",3,3,16,16,0,0,1456,3,3,23,0,0
1993,"lola",,,21,7,14,14,0,0,921,0,0,0,0,0
1993,"march",,,,,0,0,0,0,0,0,0,0,0,0
1993,"mclaren",2,"2",1,1,16,16,5,0,1401,9,8,84,1,1
1993,"minardi",8,"8",7,4,16,16,0,0,1442,0,0,7,0,0
1993,"jordan",10,"10",8,5,16,16,0,0,1156,0,0,3,0,0
1993,"sauber",7,"7",5,4,16,16,0,0,1420,0,0,12,0,0
1993,"ferrari",4,"4",3,2,16,16,0,0,1411,3,3,28,0,0
1993,"lotus",6,"6",7,4,16,16,0,0,1386,0,0,12,0,0
1993,"tyrrell",,,13,10,16,16,0,0,1149,0,0,0,0,0
1994,"sauber",8,"8",3,4,16,15,0,0,1158,0,0,12,0,0
1994,"footwork",9,"9",6,4,16,16,0,0,1397,0,0,9,0,0
1994,"ligier",6,"6",6,2,16,16,0,0,1843,2,1,13,0,0
1994,"mclaren",4,"4",2,2,16,16,0,0,1363,8,8,42,0,0
1994,"benetton",2,"2",1,1,16,16,8,0,1571,12,11,103,6,8
1994,"minardi",10,"10",9,5,16,16,0,0,1483,0,0,5,0,0
1994,"simtek",,,21,9,16,16,0,0,1181,0,0,0,0,0
1994,"pacific",,,23,,16,5,0,0,207,0,0,0,0,0
1994,"williams",1,"1",1,1,16,16,7,1,1570,13,12,118,6,8
1994,"jordan",5,"5",1,3,16,16,0,0,1312,1,1,28,1,0
1994,"ferrari",3,"3",1,1,16,16,1,0,1478,11,11,71,3,0
1994,"lotus",,,4,7,16,16,0,0,1509,0,0,0,0,0
1994,"larrousse",11,"11",13,6,16,16,0,0,1219,0,0,2,0,0
1994,"tyrrell",7,"7",5,3,16,16,0,0,1278,1,1,13,0,0
1995,"footwork",8,"8",11,3,17,17,0,0,1319,1,1,5,0,0
1995,"larrousse",,,,,0,0,0,0,0,0,0,0,0,0
1995,"ligier",5,"5",6,2,17,17,0,0,1618,2,2,24,0,0
1995,"mclaren",4,"4",3,2,17,17,0,0,1494,2,2,30,0,0
1995,"benetton",1,"1",1,1,17,17,11,1,1890,15,13,147,4,8
1995,"minardi",10,"10",12,6,17,17,0,0,1599,0,0,1,0,0
1995,"simtek",,,14,9,5,4,0,0,292,0,0,0,0,0
1995,"tyrrell",9,"9",7,5,17,17,0,0,1597,0,0,5,0,0
1995,"pacific",,,19,8,17,17,0,0,947,0,0,0,0,0
1995,"forti",,,20,7,17,17,0,0,1402,0,0,0,0,0
1995,"sauber",7,"7",5,3,17,17,0,0,1645,1,1,18,0,0
1995,"williams",2,"2",1,1,17,17,5,1,1734,17,13,118,12,6
1995,"ferrari",3,"3",1,1,17,17,1,0,1757,11,10,73,1,3
1995,"jordan",6,"6",4,2,17,17,0,0,1636,2,1,21,0,0
1996,"jordan",5,"5",2,4,16,16,0,0,1489,0,0,22,0,0
1996,"footwork",9,"9",7,6,16,16,0,0,1094,0,0,1,0,0
1996,"forti",,,19,10,10,6,0,0,402,0,0,0,0,0
1996,"ligier",6,"6",8,1,16,16,1,0,1336,1,1,15,0,0
1996,"mclaren",4,"4",4,2,16,16,0,0,1638,6,6,49,0,0
1996,"benetton",3,"3",2,2,16,16,0,0,1588,10,10,68,0,3
1996,"minardi",,,14,8,16,16,0,0,1074,0,0,0,0,0
1996,"sauber",7,"7",7,3,16,16,0,0,1427,1,1,11,0,0
1996,"williams",1,"1",1,1,16,16,12,6,1778,21,14,175,12,11
1996,"ferrari",2,"2",1,1,16,16,3,0,1296,9,9,70,4,2
1996,"tyrrell",8,"8",8,5,16,16,0,0,1309,0,0,5,0,0
1997,"jordan",5,"5",2,2,17,17,0,0,1548,3,3,33,0,1
1997,"arrows",8,"8",3,2,17,17,0,0,1429,1,1,9,0,0
1997,"stewart",9,"9",3,2,17,17,0,0,1178,1,1,6,0,0
1997,"lola",,,,,1,0,0,0,0,0,0,0,0,0
1997,"benetton",3,"3",1,1,17,17,1,0,1909,8,7,67,2,2
1997,"minardi",,,15,9,17,17,0,0,1255,0,0,0,0,0
1997,"tyrrell",10,"10",14,5,17,17,0,0,1684,0,0,2,0,0
1997,"prost",6,"6",3,2,17,17,0,0,1680,2,2,21,0,0
1997,"sauber",7,"7",7,3,17,17,0,0,1671,1,1,16,0,0
1997,"williams",1,"1",1,1,17,17,8,0,1673,15,13,123,11,9
1997,"ferrari",2,"2",1,1,17,17,5,0,1674,13,9,102,3,3
1997,"mclaren",4,"4",1,1,17,17,3,1,1506,7,5,63,1,2
1998,"jordan",4,"4",3,1,16,16,1,1,1530,3,2,34,0,0
1998,"arrows",7,"7",6,4,16,16,0,0,985,0,0,6,0,0
1998,"minardi",,,17,7,16,16,0,0,1387,0,0,0,0,0
1998,"prost",9,"9",9,6,16,16,0,0,1392,0,0,1,0,0
1998,"stewart",8,"8",5,5,16,16,0,0,1255,0,0,5,0,0
1998,"benetton",5,"5",1,2,16,16,0,0,1693,2,2,33,1,1
1998,"tyrrell",,,13,8,16,16,0,0,1120,0,0,0,0,0
1998,"sauber",6,"6",2,3,16,16,0,0,1579,1,1,10,0,0
1998,"ferrari",2,"2",1,1,16,16,6,2,1814,19,13,133,3,6
1998,"mclaren",1,"1",1,1,16,16,9,5,1693,20,13,156,12,9
1998,"williams",3,"3",2,3,16,16,0,0,1727,3,3,38,0,0
1999,"jordan",3,"3",1,1,16,16,2,0,1436,6,6,61,1,0
1999,"bar",,,5,7,16,16,0,0,1234,0,0,0,0,0
1999,"minardi",10,"10",15,6,16,16,0,0,1402,0,0,1,0,0
1999,"prost",7,"7",3,2,16,16,0,0,1399,1,1,9,0,0
1999,"stewart",4,"4",1,1,16,16,1,0,1552,4,3,36,1,0
1999,"benetton",6,"6",4,2,16,16,0,0,1472,1,1,16,0,0
1999,"sauber",8,"8",2,6,16,16,0,0,1204,0,0,5,0,0
1999,"arrows",9,"9",17,6,16,16,0,0,1269,0,0,1,0,0
1999,"ferrari",1,"1",1,1,16,16,6,3,1857,17,13,128,3,6
1999,"mclaren",2,"2",1,1,16,16,7,3,1566,16,12,124,11,9
1999,"williams",5,"5",4,2,16,16,0,0,1413,3,3,35,0,1
2000,"arrows",7,"7",5,4,17,17,0,0,1295,0,0,7,0,0
2000,"jordan",6,"6",2,3,17,17,0,0,1390,2,2,17,0,0
2000,"williams",3,"3",3,3,17,17,0,0,1702,3,3,36,0,0
2000,"prost",11,"11",7,8,17,17,0,0,1252,0,0,0,0,0
2000,"jaguar",9,"9",6,4,17,17,0,0,1641,0,0,4,0,0
2000,"bar",5,"5",4,4,17,17,0,0,1809,0,0,20,0,0
2000,"benetton",4,"4",3,2,17,17,0,0,1707,3,3,20,0,0
2000,"sauber",8,"8",9,5,17,16,0,0,1649,0,0,6,0,0
2000,"ferrari",1,"1",1,1,17,17,10,3,1860,21,17,170,10,5
2000,"minardi",10,"10",18,8,17,17,0,0,1755,0,0,0,0,0
2000,"mclaren",2,"2",1,1,17,17,7,4,1917,22,13,162,7,12
2001,"jordan",5,"5",4,4,17,17,0,0,1539,0,0,19,0,0
2001,"williams",3,"3",1,1,17,17,4,0,1486,9,8,80,4,8
2001,"minardi",11,"11",17,9,17,17,0,0,1417,0,0,0,0,0
2001,"jaguar",8,"8",6,3,17,17,0,0,1438,1,1,9,0,0
2001,"bar",6,"6",6,3,17,17,0,0,1574,2,2,17,0,0
2001,"benetton",7,"7",6,3,17,17,0,0,1671,1,1,10,0,0
2001,"arrows",10,"10",13,6,17,17,0,0,1457,0,0,1,0,0
2001,"prost",9,"9",4,5,17,17,0,0,1707,0,0,4,0,0
2001,"sauber",4,"4",6,3,17,17,0,0,1520,1,1,21,0,0
2001,"ferrari",1,"1",1,1,17,17,9,3,1933,24,17,179,11,3
2001,"mclaren",2,"2",1,1,17,17,4,0,1615,13,12,102,2,6
2002,"williams",2,"2",1,1,17,17,1,1,1963,13,11,92,7,3
2002,"jordan",6,"6",5,5,17,17,0,0,1482,0,0,9,0,0
2002,"jaguar",7,"7",5,3,17,17,0,0,1509,1,1,8,0,0
2002,"minardi",9,"9",18,5,17,16,0,0,1369,0,0,2,0,0
2002,"bar",8,"8",7,4,17,17,0,0,1491,0,0,7,0,0
2002,"renault",4,"4",6,4,17,17,0,0,1696,0,0,23,0,0
2002,"arrows",11,"11",10,6,12,11,0,0,870,0,0,2,0,0
2002,"toyota",10,"10",8,6,17,17,0,0,1563,0,0,2,0,0
2002,"sauber",5,"5",5,4,17,17,0,0,1762,0,0,11,0,0
2002,"ferrari",1,"1",1,1,17,17,15,9,1912,27,17,221,10,12
2002,"mclaren",3,"3",2,1,17,17,1,0,1733,10,9,65,0,2
2003,"jordan",9,"9",8,1,16,16,1,0,1476,1,1,13,0,0
2003,"williams",2,"2",1,1,16,16,4,2,1800,12,9,144,4,4
2003,"jaguar",7,"7",3,6,16,16,0,0,1477,0,0,18,0,0
2003,"bar",5,"5",5,4,16,16,0,0,1497,0,0,26,0,0
2003,"renault",4,"4",1,1,16,16,1,0,1692,5,5,88,2,1
2003,"toyota",8,"8",3,5,16,16,0,0,1583,0,0,16,0,0
2003,"sauber",6,"6",4,3,16,16,0,0,1512,1,1,19,0,0
2003,"ferrari",1,"1",1,1,16,16,8,0,1754,16,12,158,8,8
2003,"minardi",10,"10",15,9,16,16,0,0,1548,0,0,0,0,0
2003,"mclaren",3,"3",1,1,16,16,2,0,1704,13,11,142,2,3
2004,"williams",4,"4",1,1,18,18,1,0,2004,4,4,88,1,2
2004,"jaguar",7,"7",2,6,18,18,0,0,1673,0,0,10,0,0
2004,"jordan",9,"9",13,7,18,18,0,0,1702,0,0,5,0,0
2004,"bar",2,"2",1,2,18,18,0,0,1892,11,11,119,1,0
2004,"renault",3,"3",1,1,18,18,1,0,1947,6,6,105,3,0
2004,"minardi",10,"10",16,8,18,18,0,0,1610,0,0,1,0,0
2004,"toyota",8,"8",6,5,18,18,0,0,1848,0,0,9,0,0
2004,"sauber",6,"6",4,4,18,18,0,0,2001,0,0,34,0,0
2004,"ferrari",1,"1",1,1,18,18,15,8,2196,29,18,262,12,14
2004,"mclaren",5,"5",1,1,18,18,1,0,1735,4,4,69,1,2
2005,"williams",5,"5",1,2,19,18,0,0,1823,4,3,66,1,0
2005,"jordan",9,"9",11,3,19,19,0,0,2034,1,1,12,0,0
2005,"bar",6,"6",1,3,17,16,0,0,1656,2,2,38,1,0
2005,"renault",1,"1",1,1,19,18,8,0,1976,18,15,191,7,3
2005,"minardi",10,"10",13,5,19,19,0,0,1744,0,0,7,0,0
2005,"toyota",4,"4",1,2,19,18,0,0,2113,5,5,88,2,1
2005,"red-bull",7,"7",4,4,19,18,0,0,1708,0,0,34,0,0
2005,"sauber",8,"8",4,4,19,18,0,0,2052,0,0,20,0,0
2005,"ferrari",3,"3",1,1,19,19,1,1,2131,9,7,100,1,3
2005,"mclaren",2,"2",1,1,19,18,10,1,1967,18,15,182,7,12
2006,"bmw-sauber",5,"5",3,3,18,18,0,0,1985,2,2,36,0,0
2006,"honda",4,"4",1,1,18,18,1,0,1943,3,3,86,1,0
2006,"midland",10,"10",14,9,18,18,0,0,1714,0,0,0,0,0
2006,"renault",1,"1",1,1,18,18,8,1,2157,19,15,206,7,5
2006,"toyota",6,"6",3,3,18,18,0,0,1833,1,1,35,0,0
2006,"red-bull",7,"7",7,3,18,18,0,0,1764,1,1,16,0,0
2006,"ferrari",2,"2",1,1,18,18,9,2,2158,19,14,201,7,9
2006,"toro-rosso",9,"9",11,8,18,18,0,0,1900,0,0,1,0,0
2006,"super-aguri",11,"11",17,10,18,18,0,0,1455,0,0,0,0,0
2006,"mclaren",3,"3",1,2,18,18,0,0,1680,9,9,110,3,3
2006,"williams",8,"8",2,6,18,18,0,0,1331,0,0,11,0,1
2007,"williams",4,"4",4,3,17,17,0,0,1889,1,1,33,0,0
2007,"bmw-sauber",2,"2",2,2,17,17,0,0,1999,2,2,101,0,0
2007,"spyker",10,"10",19,8,17,17,0,0,1449,0,0,1,0,0
2007,"honda",8,"8",6,5,17,17,0,0,1726,0,0,6,0,0
2007,"renault",3,"3",4,2,17,17,0,0,1950,1,1,51,0,0
2007,"toyota",6,"6",5,6,17,17,0,0,1742,0,0,13,0,0
2007,"red-bull",5,"5",5,3,17,17,0,0,1583,1,1,24,0,0
2007,"ferrari",1,"1",1,1,17,17,9,4,1984,22,16,204,9,12
2007,"toro-rosso",7,"7",8,4,17,17,0,0,1377,0,0,8,0,0
2007,"super-aguri",9,"9",10,6,17,17,0,0,1788,0,0,4,0,0
2007,"mclaren",,"EX",1,1,17,17,8,4,2076,24,17,218,8,5
2008,"williams",8,"8",5,2,18,18,0,0,2092,2,2,26,0,0
2008,"bmw-sauber",3,"3",1,1,18,18,1,1,2196,11,10,135,1,2
2008,"force-india",10,"10",12,10,18,18,0,0,1497,0,0,0,0,0
2008,"honda",9,"9",9,3,18,18,0,0,1923,1,1,14,0,0
2008,"renault",4,"4",2,1,18,18,2,0,1776,4,4,80,0,0
2008,"toyota",5,"5",2,2,18,18,0,0,1960,2,2,56,0,0
2008,"red-bull",7,"7",2,3,18,18,0,0,1810,1,1,29,0,0
2008,"ferrari",1,"1",1,1,18,18,8,3,2099,19,13,172,8,13
2008,"toro-rosso",6,"6",1,1,18,18,1,0,1697,1,1,39,1,0
2008,"super-aguri",11,"11",19,13,4,4,0,0,326,0,0,0,0,0
2008,"mclaren",2,"2",1,1,18,18,6,0,2076,13,13,151,8,3
2009,"williams",7,"7",3,4,17,17,0,0,1819,0,0,34.5,0,1
2009,"bmw-sauber",6,"6",3,2,17,17,0,0,1757,2,2,36,0,0
2009,"brawn",1,"1",1,1,17,17,8,4,1921,15,11,172,5,4
2009,"force-india",9,"9",1,2,17,17,0,0,1629,1,1,13,1,1
2009,"renault",8,"8",1,3,17,17,0,0,1618,1,1,26,1,2
2009,"toyota",5,"5",1,2,17,17,0,0,1721,5,5,59.5,1,2
2009,"red-bull",2,"2",1,1,17,17,6,4,1763,16,11,153.5,5,6
2009,"ferrari",4,"4",2,1,17,17,1,0,1776,6,6,70,0,1
2009,"toro-rosso",10,"10",6,7,17,17,0,0,1490,0,0,8,0,0
2009,"mclaren",3,"3",1,1,17,17,2,0,1692,5,5,71,4,0
2010,"williams",6,"6",1,4,19,19,0,0,1953,0,0,69,1,0
2010,"sauber",8,"8",9,6,19,19,0,0,1526,0,0,44,0,0
2010,"force-india",7,"7",4,5,19,19,0,0,1834,0,0,68,0,0
2010,"hrt",11,"11",18,14,19,19,0,0,1659,0,0,0,0,0
2010,"lotus-racing",10,"10",13,12,19,19,0,0,1742,0,0,0,0,0
2010,"mercedes",4,"4",2,3,19,19,0,0,2052,3,3,214,0,0
2010,"red-bull",1,"1",1,1,19,19,9,4,2109,20,13,498,15,6
2010,"renault",5,"5",2,2,19,19,0,0,1935,3,3,163,0,2
2010,"ferrari",3,"3",1,1,19,19,5,2,2194,15,11,396,2,5
2010,"toro-rosso",9,"9",11,8,19,19,0,0,1937,0,0,13,0,0
2010,"virgin",12,"12",16,14,19,19,0,0,1591,0,0,0,0,0
2010,"mclaren",2,"2",1,1,19,19,5,3,2024,16,11,454,1,6
2011,"williams",9,"9",7,9,19,19,0,0,1923,0,0,5,0,0
2011,"force-india",6,"6",6,6,19,19,0,0,2162,0,0,69,0,0
2011,"hrt",11,"11",20,13,18,18,0,0,1844,0,0,0,0,0
2011,"renault",5,"5",6,3,19,19,0,0,2025,2,2,73,0,0
2011,"virgin",12,"12",19,14,19,19,0,0,1821,0,0,0,0,0
2011,"mercedes",4,"4",3,4,19,19,0,0,1963,0,0,165,0,0
2011,"red-bull",1,"1",1,1,19,19,12,3,2163,27,18,650,18,10
2011,"sauber",7,"7",7,5,19,19,0,0,1975,0,0,44,0,0
2011,"ferrari",3,"3",2,1,19,19,1,0,2148,10,10,375,0,3
2011,"toro-rosso",8,"8",6,7,19,19,0,0,1957,0,0,41,0,0
2011,"lotus-racing",10,"10",15,13,19,19,0,0,1919,0,0,0,0,0
2011,"mclaren",2,"2",1,1,19,19,6,0,2108,18,16,497,1,6
2012,"caterham",10,"10",16,11,20,20,0,0,2189,0,0,0,0,0
2012,"hrt",12,"12",20,15,20,19,0,0,1825,0,0,0,0,0
2012,"lotus-f1",4,"4",2,1,20,20,1,0,2047,10,8,303,0,3
2012,"marussia",11,"11",18,12,20,20,0,0,2158,0,0,0,0,0
2012,"mercedes",5,"5",1,1,20,20,1,0,2002,3,3,142,1,3
2012,"red-bull",1,"1",1,1,20,20,7,1,2293,14,11,460,8,7
2012,"force-india",7,"7",4,4,20,20,0,0,2212,0,0,109,0,1
2012,"sauber",6,"6",2,2,20,20,0,0,1974,4,4,126,0,2
2012,"ferrari",2,"2",1,1,20,20,3,0,2273,15,14,400,2,0
2012,"toro-rosso",9,"9",6,8,20,20,0,0,2223,0,0,26,0,0
2012,"mclaren",3,"3",1,1,20,20,7,0,2150,13,11,378,8,3
2012,"williams",8,"8",1,1,20,20,1,0,1997,1,1,76,1,1
2013,"caterham",11,"11",14,14,19,19,0,0,1900,0,0,0,0,0
2013,"red-bull",1,"1",1,1,19,19,13,4,2169,24,17,596,11,12
2013,"lotus-f1",4,"4",2,1,19,19,1,0,2018,14,11,315,0,2
2013,"marussia",10,"10",15,13,19,19,0,0,2101,0,0,0,0,0
2013,"mercedes",2,"2",1,1,19,19,3,0,2142,9,9,360,8,1
2013,"force-india",6,"6",5,4,19,19,0,0,1916,0,0,77,0,0
2013,"sauber",7,"7",3,4,19,19,0,0,2063,0,0,57,0,1
2013,"ferrari",3,"3",2,1,19,19,2,0,2099,10,9,354,0,2
2013,"toro-rosso",8,"8",5,6,19,19,0,0,2015,0,0,33,0,0
2013,"mclaren",5,"5",6,4,19,19,0,0,2242,0,0,122,0,1
2013,"williams",9,"9",3,8,19,19,0,0,2114,0,0,5,0,0
2014,"caterham",11,"11",14,11,17,17,0,0,1432,0,0,0,0,0
2014,"red-bull",2,"2",2,1,19,19,3,0,2065,12,10,405,0,3
2014,"lotus-f1",8,"8",5,8,19,19,0,0,1800,0,0,10,0,0
2014,"marussia",9,"9",12,9,16,16,0,0,1523,0,0,2,0,0
2014,"mclaren",5,"5",3,2,19,19,0,0,2231,2,1,181,0,0
2014,"mercedes",1,"1",1,1,19,19,16,11,2111,31,19,701,18,12
2014,"force-india",6,"6",4,3,19,19,0,0,1927,1,1,155,0,1
2014,"sauber",10,"10",9,11,19,19,0,0,1790,0,0,0,0,0
2014,"ferrari",4,"4",4,2,19,19,0,0,2143,2,2,216,0,1
2014,"toro-rosso",7,"7",5,6,19,19,0,0,1895,0,0,30,0,0
2014,"williams",3,"3",1,2,19,19,0,0,2064,9,8,320,1,2
2015,"red-bull",4,"4",2,2,19,19,0,0,2107,3,2,187,0,3
2015,"lotus-f1",6,"6",5,3,19,19,0,0,1635,1,1,78,0,0
2015,"marussia",10,"10",13,12,19,18,0,0,1911,0,0,0,0,0
2015,"mclaren",9,"9",9,5,19,19,0,0,1698,0,0,27,0,0
2015,"mercedes",1,"1",1,1,19,19,16,12,2220,32,17,703,18,13
2015,"force-india",5,"5",4,3,19,19,0,0,2024,1,1,136,0,0
2015,"sauber",8,"8",8,5,19,19,0,0,2069,0,0,36,0,0
2015,"ferrari",2,"2",1,1,19,19,3,0,2091,16,15,428,1,3
2015,"toro-rosso",7,"7",5,4,19,19,0,0,1983,0,0,67,0,0
2015,"williams",3,"3",3,3,19,19,0,0,2117,4,4,257,0,0
2016,"haas",8,"8",7,5,21,21,0,0,2126,0,0,29,0,0
2016,"manor",11,"11",12,10,21,21,0,0,2167,0,0,1,0,0
2016,"mclaren",6,"6",3,5,21,21,0,0,2213,0,0,76,0,1
2016,"mercedes",1,"1",1,1,21,21,19,8,2388,33,20,765,20,9
2016,"red-bull",2,"2",1,1,21,21,2,1,2404,16,14,468,1,5
2016,"renault",9,"9",12,7,21,21,0,0,2038,0,0,8,0,0
2016,"force-india",4,"4",2,3,21,21,0,0,2302,2,2,173,0,1
2016,"sauber",10,"10",14,9,21,21,0,0,2215,0,0,2,0,0
2016,"ferrari",3,"3",3,2,21,21,0,0,2151,11,10,398,0,4
2016,"toro-rosso",7,"7",5,6,21,21,0,0,2162,0,0,63,0,1
2016,"williams",5,"5",2,3,21,21,0,0,2347,1,1,138,0,0
2017,"haas",8,"8",6,6,20,20,0,0,2040,0,0,47,0,0
2017,"mclaren",9,"9",6,6,20,20,0,0,1838,0,0,30,0,1
2017,"mercedes",1,"1",1,1,20,20,12,4,2363,26,19,668,15,9
2017,"red-bull",3,"3",2,1,20,20,3,0,1723,13,11,368,0,2
2017,"renault",6,"6",5,6,20,20,0,0,1910,0,0,57,0,0
2017,"force-india",4,"4",3,4,20,20,0,0,2291,0,0,187,0,1
2017,"sauber",10,"10",11,8,20,20,0,0,2040,0,0,5,0,0
2017,"ferrari",2,"2",1,1,20,20,5,2,2100,20,15,522,5,7
2017,"toro-rosso",7,"7",6,4,20,20,0,0,1873,0,0,53,0,0
2017,"williams",5,"5",2,3,20,20,0,0,2129,1,1,83,0,0
2018,"sauber",8,"8",6,6,21,21,0,0,2149,0,0,48,0,0
2018,"red-bull",3,"3",1,1,21,21,4,0,2161,13,13,419,2,6
2018,"haas",5,"5",5,4,21,21,0,0,2246,0,0,93,0,1
2018,"mclaren",6,"6",7,5,21,21,0,0,2185,0,0,62,0,0
2018,"mercedes",1,"1",1,1,21,21,11,4,2457,25,19,655,13,10
2018,"force-india",7,"7",3,3,21,21,0,0,2248,1,1,111,0,0
2018,"toro-rosso",9,"9",5,4,21,21,0,0,2031,0,0,33,0,0
2018,"renault",4,"4",5,5,21,21,0,0,2131,0,0,122,0,0
2018,"ferrari",2,"2",1,1,21,21,6,0,2364,24,19,571,6,4
2018,"williams",10,"10",10,8,21,21,0,0,2274,0,0,7,0,0
2019,"alfa-romeo",8,"8",5,4,21,21,0,0,2435,0,0,57,0,0
2019,"red-bull",3,"3",1,1,21,21,3,0,2421,9,9,417,2,5
2019,"haas",9,"9",5,6,21,21,0,0,2230,0,0,28,0,1
2019,"mclaren",4,"4",5,3,21,21,0,0,2235,1,1,145,0,0
2019,"mercedes",1,"1",1,1,21,21,15,9,2495,32,18,739,10,9
2019,"toro-rosso",6,"6",6,2,21,21,0,0,2432,2,2,85,0,0
2019,"renault",5,"5",4,4,21,21,0,0,2302,0,0,91,0,0
2019,"williams",10,"10",14,10,21,21,0,0,2361,0,0,1,0,0
2019,"ferrari",2,"2",1,1,21,21,3,1,2334,19,17,504,9,6
2019,"racing-point",7,"7",5,4,21,21,0,0,2380,0,0,73,0,0
2020,"alfa-romeo",8,"8",8,9,17,17,0,0,1902,0,0,8,0,0
2020,"red-bull",2,"2",1,1,17,17,2,0,1789,13,12,319,1,3
2020,"racing-point",4,"4",1,1,17,17,1,0,1776,4,3,210,1,0
2020,"haas",9,"9",13,9,17,17,0,0,1754,0,0,3,0,0
2020,"mclaren",3,"3",3,2,17,17,0,0,1897,2,2,202,0,3
2020,"mercedes",1,"1",1,1,17,17,13,5,2031,25,15,573,15,9
2020,"renault",5,"5",4,2,17,17,0,0,1840,3,3,181,0,2
2020,"alphatauri",7,"7",4,1,17,17,1,0,1850,1,1,107,0,0
2020,"ferrari",6,"6",4,2,17,17,0,0,1736,3,3,131,0,0
2020,"williams",10,"10",11,11,17,17,0,0,1825,0,0,0,0,0
2021,"alfa-romeo",9,"9",7,8,22,22,0,0,2438,0,0,13,0,0
2021,"alpine",5,"5",3,1,22,22,1,0,2409,2,2,155,0,0
2021,"aston-martin",7,"7",5,2,22,22,0,0,2433,1,1,77,0,0
2021,"mclaren",4,"4",1,1,22,22,1,1,2490,5,4,275,1,2
2021,"mercedes",1,"1",1,1,22,22,9,0,2403,28,20,613.5,9,10
2021,"red-bull",2,"2",1,1,22,22,11,0,2397,23,19,585.5,10,8
2021,"alphatauri",6,"6",2,3,22,22,0,0,2204,1,1,142,0,1
2021,"ferrari",3,"3",1,2,22,22,0,0,2439,5,5,323.5,2,0
2021,"haas",10,"10",14,12,22,22,0,0,2143,0,0,0,0,0
2021,"williams",8,"8",2,2,22,22,0,0,2332,1,1,23,0,0
2022,"alfa-romeo",6,"6",5,5,22,22,0,0,2196,0,0,55,0,1
2022,"aston-martin",7,"7",5,6,22,22,0,0,2442,0,0,55,0,0
2022,"alpine",4,"4",2,4,22,22,0,0,2361,0,0,173,0,0
2022,"haas",8,"8",5,5,22,22,0,0,2274,0,0,37,1,0
2022,"mclaren",5,"5",3,3,22,22,0,0,2448,1,1,159,0,2
2022,"mercedes",3,"3",1,1,22,22,1,1,2486,17,14,515,1,6
2022,"red-bull",1,"1",1,1,22,22,17,5,2454,28,20,759,8,8
2022,"alphatauri",9,"9",5,5,22,22,0,0,2338,0,0,35,0,0
2022,"ferrari",2,"2",1,1,22,22,4,1,2222,20,16,554,12,5
2022,"williams",10,"10",6,9,22,22,0,0,2308,0,0,8,0,0
2023,"alfa-romeo",9,"9",5,8,22,22,0,0,2473,0,0,16,0,1
2023,"aston-martin",5,"5",2,2,22,22,0,0,2459,8,8,280,0,1
2023,"alpine",6,"6",3,3,22,22,0,0,2360,2,2,120,0,0
2023,"mclaren",4,"4",2,2,22,22,0,0,2458,9,7,302,0,3
2023,"mercedes",2,"2",1,2,22,22,0,0,2520,8,7,409,1,5
2023,"haas",10,"10",4,7,22,22,0,0,2419,0,0,12,0,0
2023,"red-bull",1,"1",1,1,22,22,21,6,2540,30,21,860,14,11
2023,"alphatauri",8,"8",4,7,22,22,0,0,2473,0,0,25,0,1
2023,"ferrari",3,"3",1,1,22,22,1,0,2393,9,9,406,7,0
2023,"williams",7,"7",4,7,22,22,0,0,2291,0,0,28,0,0
2024,"aston-martin",5,"5",3,5,24,24,0,0,2644,0,0,94,0,2
2024,"alpine",6,"6",3,2,24,24,0,0,2555,2,1,65,0,1
2024,"mclaren",1,"1",1,1,24,24,6,1,2881,21,18,666,8,7
2024,"mercedes",4,"4",1,1,24,24,4,1,2769,9,8,468,4,4
2024,"haas",7,"7",6,6,24,24,0,0,2624,0,0,58,0,1
2024,"red-bull",3,"3",1,1,24,24,9,3,2653,18,14,589,8,4
2024,"ferrari",2,"2",1,1,24,24,5,2,2806,22,17,652,4,4
2024,"kick-sauber",10,"10",9,8,24,24,0,0,2705,0,0,4,0,0
2024,"rb",8,"8",3,7,24,24,0,0,2602,0,0,46,0,1
2024,"williams",9,"9",7,7,24,24,0,0,2305,0,0,17,0,0
2025,"aston-martin",,,,,0,0,0,0,0,0,0,0,0,0
2025,"alpine",,,,,0,0,0,0,0,0,0,0,0,0
2025,"mclaren",,,,,0,0,0,0,0,0,0,0,0,0
2025,"mercedes",,,,,0,0,0,0,0,0,0,0,0,0
2025,"haas",,,,,0,0,0,0,0,0,0,0,0,0
2025,"red-bull",,,,,0,0,0,0,0,0,0,0,0,0
2025,"ferrari",,,,,0,0,0,0,0,0,0,0,0,0
2025,"kick-sauber",,,,,0,0,0,0,0,0,0,0,0,0
2025,"racing-bulls",,,,,0,0,0,0,0,0,0,0,0,0
2025,"williams",,,,,0,0,0,0,0,0,0,0,0,0
